category,avg_zscore,std_zscore,standard_error,count
Fact Retrieval,0.2294157338705618,0.0,0.0,4
Plan Generation,0.2294157338705618,0.0,0.0,4
Active Computation,0.2294157338705618,0.0,0.0,8
Result Consolidation,0.2294157338705618,0.0,0.0,1
Uncertainty Management,0.2294157338705618,0.0,0.0,1
Final Answer Emission,0.2294157338705618,0.0,0.0,1
Problem Setup,-4.358898943540674,0.0,0.0,1
